cluster_id,size,dominant_group,majority_count,purity
0,117467,HCC,70276,0.5982616394391617
1,189950,Cirrhosis,96808,0.5096499078704922
